{"cameraMode":{"drawMode":0,"name":"Shaded","section":"Shading Mode"},"sceneLighting":false,"audioPlay":false,"sceneViewState":{"showFog":true,"showMaterialUpdate":false,"showSkybox":false,"showFlares":true,"showImageEffects":true,"showParticleSystems":true},"in2DMode":false,"pivot":{"x":-0.019999980926513673,"y":5.469999313354492,"z":0.0},"rotation":{"x":0.07308737188577652,"y":-0.03231095150113106,"z":-0.0023627488408237697,"w":-0.9968075752258301},"size":16.465055465698243,"orthographic":false}