{"cameraMode":{"drawMode":0,"name":"Shaded","section":"Shading Mode"},"sceneLighting":false,"audioPlay":false,"sceneViewState":{"showFog":true,"showMaterialUpdate":false,"showSkybox":false,"showFlares":true,"showImageEffects":true,"showParticleSystems":true},"in2DMode":false,"pivot":{"x":-2.5005710124969484,"y":5.02398681640625,"z":0.0035207271575927736},"rotation":{"x":0.01429255772382021,"y":0.35533225536346438,"z":-0.005486574489623308,"w":0.9346327781677246},"size":4.041658401489258,"orthographic":false}